{"cameraMode":{"drawMode":0,"name":"Shaded","section":"Shading Mode"},"sceneLighting":true,"audioPlay":false,"sceneViewState":{"showFog":true,"showMaterialUpdate":false,"showSkybox":true,"showFlares":true,"showImageEffects":true,"showParticleSystems":true},"in2DMode":false,"pivot":{"x":-0.5154634714126587,"y":2.911163806915283,"z":21.67441749572754},"rotation":{"x":0.13993379473686219,"y":0.007426134310662746,"z":-0.0010495214955881239,"w":0.9901326894760132},"size":5.091174602508545,"orthographic":false}