{"cameraMode":{"drawMode":0,"name":"Shaded","section":"Shading Mode"},"sceneLighting":true,"audioPlay":false,"sceneViewState":{"showFog":true,"showMaterialUpdate":false,"showSkybox":true,"showFlares":true,"showImageEffects":true,"showParticleSystems":true},"in2DMode":false,"pivot":{"x":-8.195514678955079,"y":22.259845733642579,"z":-55.67778015136719},"rotation":{"x":0.20143339037895204,"y":0.07338614761829376,"z":-0.015136772766709328,"w":0.97664475440979},"size":6.342678070068359,"orthographic":true}