{"cameraMode":{"drawMode":0,"name":"Shaded","section":"Shading Mode"},"sceneLighting":true,"audioPlay":false,"sceneViewState":{"showFog":true,"showMaterialUpdate":false,"showSkybox":true,"showFlares":true,"showImageEffects":true,"showParticleSystems":true},"in2DMode":false,"pivot":{"x":0.05573701485991478,"y":2.3019661903381349,"z":-8.342538833618164},"rotation":{"x":0.20143339037895204,"y":0.07338614761829376,"z":-0.015136772766709328,"w":0.97664475440979},"size":6.026110649108887,"orthographic":true}