{"cameraMode":{"drawMode":0,"name":"Shaded","section":"Shading Mode"},"sceneLighting":true,"audioPlay":false,"sceneViewState":{"showFog":true,"showMaterialUpdate":false,"showSkybox":true,"showFlares":true,"showImageEffects":true,"showParticleSystems":true},"in2DMode":false,"pivot":{"x":-1.7874994277954102,"y":7.552745819091797,"z":18.67037582397461},"rotation":{"x":0.20143339037895204,"y":0.07338614761829376,"z":-0.015136772766709328,"w":0.97664475440979},"size":6.2997541427612309,"orthographic":true}