{"cameraMode":{"drawMode":0,"name":"Shaded","section":"Shading Mode"},"sceneLighting":true,"audioPlay":false,"sceneViewState":{"showFog":true,"showMaterialUpdate":false,"showSkybox":true,"showFlares":true,"showImageEffects":true,"showParticleSystems":true},"in2DMode":false,"pivot":{"x":1.7296385765075684,"y":4.645693778991699,"z":0.9763097763061523},"rotation":{"x":0.20143339037895204,"y":0.07338614761829376,"z":-0.015136772766709328,"w":0.97664475440979},"size":10.6453275680542,"orthographic":true}