{"cameraMode":{"drawMode":0,"name":"Shaded","section":"Shading Mode"},"sceneLighting":true,"audioPlay":false,"sceneViewState":{"m_AlwaysRefresh":false,"showFog":false,"showSkybox":false,"showFlares":false,"showImageEffects":false,"showParticleSystems":false,"showVisualEffectGraphs":true,"m_FxEnabled":true},"in2DMode":false,"pivot":{"x":1.077157974243164,"y":5.104889392852783,"z":-7.404394626617432},"rotation":{"x":0.12566997110843659,"y":-0.010123594664037228,"z":0.0012825306039303542,"w":0.9920202493667603},"size":2.092604875564575,"orthographic":false}