{"cameraMode":{"drawMode":0,"name":"Shaded","section":"Shading Mode"},"sceneLighting":true,"audioPlay":false,"sceneViewState":{"showFog":true,"showMaterialUpdate":false,"showSkybox":true,"showFlares":true,"showImageEffects":true,"showParticleSystems":true},"in2DMode":false,"pivot":{"x":-0.9913933277130127,"y":1.0544471740722657,"z":5.748025417327881},"rotation":{"x":0.17950324714183808,"y":0.4236166179180145,"z":-0.08604791015386582,"w":0.8837122321128845},"size":8.313915252685547,"orthographic":true}