{"cameraMode":{"drawMode":0,"name":"Shaded","section":"Shading Mode"},"sceneLighting":false,"audioPlay":false,"sceneViewState":{"showFog":true,"showMaterialUpdate":false,"showSkybox":false,"showFlares":true,"showImageEffects":true,"showParticleSystems":true},"in2DMode":false,"pivot":{"x":2.240000009536743,"y":1.2200000286102296,"z":-7.590000152587891},"rotation":{"x":0.21149207651615144,"y":0.47735944390296938,"z":-0.1195530965924263,"w":0.8444628715515137},"size":0.8660253882408142,"orthographic":true}